﻿<?xml version="1.0" encoding="utf-8"?>
<Roots xmlns="clr-namespace:Microsoft.Xaml.Tools.XamlCompiler.RootLog;assembly=Microsoft.Windows.UI.Xaml.81.Build.Tasks">
  <Roots.Interfaces>
    <RootInterface FullName="Windows.UI.Xaml.Data.IValueConverter" />
  </Roots.Interfaces>
  <Roots.PropertyPathNames>
    <RootPropertyPathName Name="BorderBrush" />
    <RootPropertyPathName Name="Opacity" />
    <RootPropertyPathName Name="CheckedBrush" />
    <RootPropertyPathName Name="Margin" />
    <RootPropertyPathName Name="PressedBrush" />
    <RootPropertyPathName Name="AnimationDuration" />
    <RootPropertyPathName Name="UncheckedOpacity" />
    <RootPropertyPathName Name="CheckedOpacity" />
  </Roots.PropertyPathNames>
  <Roots.RootTypes>
    <RootType FullName="Windows.UI.Xaml.ResourceDictionary" />
    <RootType FullName="Coding4Fun.Toolkit.Controls.Converters.SolidColorBrushToColorConverter" />
    <RootType FullName="Windows.UI.Xaml.Media.SolidColorBrush">
      <RootProperty Name="Color" />
    </RootType>
    <RootType FullName="System.Double" />
    <RootType FullName="Windows.UI.Xaml.Media.FontFamily" />
    <RootType FullName="Windows.UI.Xaml.Thickness" />
    <RootType FullName="Coding4Fun.Toolkit.Controls.ProgressOverlay" />
    <RootType FullName="Windows.UI.Xaml.Controls.Control">
      <RootProperty Name="Background" />
      <RootProperty Name="Template" />
      <RootProperty Name="Foreground" />
      <RootProperty Name="FontFamily" />
      <RootProperty Name="FontSize" />
      <RootProperty Name="BorderBrush" />
      <RootProperty Name="BorderThickness" />
      <RootProperty Name="Padding" />
      <RootProperty Name="HorizontalContentAlignment" />
      <RootProperty Name="FontWeight" />
    </RootType>
    <RootType FullName="Coding4Fun.Toolkit.Controls.ColorPicker" />
    <RootType FullName="Coding4Fun.Toolkit.Controls.ColorSliderThumb" />
    <RootType FullName="Coding4Fun.Toolkit.Controls.SuperSlider">
      <RootProperty Name="Orientation" />
      <RootProperty Name="Foreground" />
      <RootProperty Name="Minimum" />
      <RootProperty Name="Maximum" />
      <RootProperty Name="Thumb" />
      <RootProperty Name="Style" />
    </RootType>
    <RootType FullName="Coding4Fun.Toolkit.Controls.ColorSlider">
      <RootProperty Name="Width" />
      <RootProperty Name="Margin" />
      <RootProperty Name="IsColorVisible" />
      <RootProperty Name="Thumb" />
    </RootType>
    <RootType FullName="Windows.UI.Xaml.Controls.TextBlock">
      <RootProperty Name="FontSize" />
      <RootProperty Name="Text" />
      <RootProperty Name="Margin" />
      <RootProperty Name="TextWrapping" />
      <RootProperty Name="FontFamily" />
      <RootProperty Name="FontWeight" />
      <RootProperty Name="Style" />
      <RootProperty Name="Name" />
      <RootProperty Name="Visibility" />
      <RootProperty Name="VerticalAlignment" />
      <RootProperty Name="HorizontalAlignment" />
      <RootProperty Name="Padding" />
      <RootProperty Name="Foreground" />
      <RootProperty Name="Opacity" />
    </RootType>
    <RootType FullName="Windows.UI.Xaml.FrameworkElement">
      <RootProperty Name="Margin" />
      <RootProperty Name="HorizontalAlignment" />
      <RootProperty Name="VerticalAlignment" />
      <RootProperty Name="Height" />
      <RootProperty Name="MinWidth" />
      <RootProperty Name="MinHeight" />
      <RootProperty Name="Width" />
    </RootType>
    <RootType FullName="Windows.UI.Xaml.Shapes.Rectangle">
      <RootProperty Name="Name" />
      <RootProperty Name="Fill" />
      <RootProperty Name="RadiusX" />
      <RootProperty Name="RadiusY" />
      <RootProperty Name="HorizontalAlignment" />
      <RootProperty Name="VerticalAlignment" />
      <RootProperty Name="Stroke" />
      <RootProperty Name="Margin" />
      <RootProperty Name="Style" />
      <RootProperty Name="Visibility" />
      <RootProperty Name="StrokeThickness" />
      <RootProperty Name="Height" />
    </RootType>
    <RootType FullName="Windows.UI.Xaml.Shapes.Shape">
      <RootProperty Name="Fill" />
    </RootType>
    <RootType FullName="Windows.UI.Xaml.UIElement">
      <RootProperty Name="Opacity" />
    </RootType>
    <RootType FullName="Windows.UI.Xaml.Controls.Image">
      <RootProperty Name="Stretch" />
      <RootProperty Name="Name" />
      <RootProperty Name="Margin" />
      <RootProperty Name="Visibility" />
      <RootProperty Name="VerticalAlignment" />
      <RootProperty Name="Width" />
      <RootProperty Name="Height" />
      <RootProperty Name="Source" />
      <RootProperty Name="Opacity" />
      <RootProperty Name="Style" />
    </RootType>
    <RootType FullName="Windows.UI.Xaml.Controls.Panel">
      <RootProperty Name="Background" />
    </RootType>
    <RootType FullName="Coding4Fun.Toolkit.Controls.MetroFlowItem">
      <RootProperty Name="Title" />
    </RootType>
    <RootType FullName="Coding4Fun.Toolkit.Controls.MetroFlow" />
    <RootType FullName="Windows.UI.Xaml.Controls.ControlTemplate">
      <RootProperty Name="TargetType" />
      <RootProperty Name="Template" />
    </RootType>
    <RootType FullName="Windows.UI.Xaml.Controls.ContentControl">
      <RootProperty Name="Margin" />
      <RootProperty Name="Content" />
      <RootProperty Name="VerticalAlignment" />
      <RootProperty Name="HorizontalAlignment" />
      <RootProperty Name="Name" />
      <RootProperty Name="HorizontalContentAlignment" />
      <RootProperty Name="VerticalContentAlignment" />
      <RootProperty Name="FontSize" />
      <RootProperty Name="FontFamily" />
      <RootProperty Name="FontWeight" />
      <RootProperty Name="Padding" />
      <RootProperty Name="Foreground" />
      <RootProperty Name="Style" />
      <RootProperty Name="BorderThickness" />
    </RootType>
    <RootType FullName="Coding4Fun.Toolkit.Controls.OpacityToggleButton" />
    <RootType FullName="Coding4Fun.Toolkit.Controls.ToggleButtonBase">
      <RootProperty Name="ButtonWidth" />
      <RootProperty Name="ButtonHeight" />
      <RootProperty Name="CheckedBrush" />
    </RootType>
    <RootType FullName="Coding4Fun.Toolkit.Controls.RectangularButton">
      <RootProperty Name="PressedBrush" />
      <RootProperty Name="ButtonWidth" />
      <RootProperty Name="ButtonHeight" />
    </RootType>
    <RootType FullName="Coding4Fun.Toolkit.Controls.RoundButton">
      <RootProperty Name="PressedBrush" />
      <RootProperty Name="ButtonWidth" />
      <RootProperty Name="ButtonHeight" />
    </RootType>
    <RootType FullName="Coding4Fun.Toolkit.Controls.RoundToggleButton" />
    <RootType FullName="Coding4Fun.Toolkit.Controls.ChatBubble" />
    <RootType FullName="Coding4Fun.Toolkit.Controls.ChatBubbleTextBox" />
    <RootType FullName="Windows.UI.Xaml.Controls.ScrollViewer">
      <RootProperty Name="Margin" />
      <RootProperty Name="Content" />
      <RootProperty Name="Name" />
      <RootProperty Name="Foreground" />
      <RootProperty Name="HorizontalScrollMode" />
      <RootProperty Name="HorizontalScrollBarVisibility" />
      <RootProperty Name="IsTabStop" />
      <RootProperty Name="IsHorizontalRailEnabled" />
      <RootProperty Name="IsVerticalRailEnabled" />
      <RootProperty Name="IsDeferredScrollingEnabled" />
      <RootProperty Name="Padding" />
      <RootProperty Name="VerticalScrollBarVisibility" />
      <RootProperty Name="VerticalScrollMode" />
      <RootProperty Name="ZoomMode" />
      <RootMethod Name="GetHorizontalScrollBarVisibility" />
      <RootMethod Name="SetHorizontalScrollBarVisibility" />
      <RootMethod Name="GetVerticalScrollBarVisibility" />
      <RootMethod Name="SetVerticalScrollBarVisibility" />
      <RootMethod Name="GetIsDeferredScrollingEnabled" />
      <RootMethod Name="SetIsDeferredScrollingEnabled" />
    </RootType>
    <RootType FullName="Coding4Fun.Toolkit.Controls.ColorHexagonPicker" />
    <RootType FullName="Coding4Fun.Toolkit.Controls.ImageTile" />
    <RootType FullName="Coding4Fun.Toolkit.Controls.SuperImage" />
    <RootType FullName="Coding4Fun.Toolkit.Controls.Tile" />
    <RootType FullName="Coding4Fun.Toolkit.Controls.TileNotification" />
    <RootType FullName="Coding4Fun.Toolkit.Controls.PasswordInputPrompt" />
    <RootType FullName="Coding4Fun.Toolkit.Controls.PopUp`2[[System.String, System.Runtime, Version=4.0.10.0, Culture=neutral, PublicKeyToken=b03f5f7f11d50a3a],[Coding4Fun.Toolkit.Controls.PopUpResult, Coding4Fun.Toolkit.Controls, Version=2.1.7.0, Culture=neutral, PublicKeyToken=null]]">
      <RootProperty Name="Overlay" />
    </RootType>
    <RootType FullName="Coding4Fun.Toolkit.Controls.ToastPrompt" />
    <RootType FullName="Coding4Fun.Toolkit.Controls.AboutPrompt" />
    <RootType FullName="Coding4Fun.Toolkit.Controls.PopUp`2[[System.Object, System.Runtime, Version=4.0.10.0, Culture=neutral, PublicKeyToken=b03f5f7f11d50a3a],[Coding4Fun.Toolkit.Controls.PopUpResult, Coding4Fun.Toolkit.Controls, Version=2.1.7.0, Culture=neutral, PublicKeyToken=null]]">
      <RootProperty Name="Overlay" />
    </RootType>
    <RootType FullName="Coding4Fun.Toolkit.Controls.AboutPromptItem" />
    <RootType FullName="Coding4Fun.Toolkit.Controls.MessagePrompt" />
    <RootType FullName="Coding4Fun.Toolkit.Controls.InputPrompt" />
    <RootType FullName="Windows.UI.Xaml.Setter">
      <RootProperty Name="Property" />
      <RootProperty Name="Value" />
    </RootType>
    <RootType FullName="Windows.UI.Xaml.Controls.Grid">
      <RootProperty Name="Name" />
      <RootProperty Name="RowDefinitions" />
      <RootProperty Name="Children" />
      <RootProperty Name="Margin" />
      <RootProperty Name="Resources" />
      <RootProperty Name="ColumnDefinitions" />
      <RootProperty Name="VerticalAlignment" />
      <RootProperty Name="Background" />
      <RootProperty Name="Width" />
      <RootProperty Name="Height" />
      <RootProperty Name="Style" />
      <RootProperty Name="HorizontalAlignment" />
      <RootMethod Name="GetRow" />
      <RootMethod Name="SetRow" />
      <RootMethod Name="GetColumn" />
      <RootMethod Name="SetColumn" />
      <RootMethod Name="GetColumnSpan" />
      <RootMethod Name="SetColumnSpan" />
    </RootType>
    <RootType FullName="Windows.UI.Xaml.VisualStateManager">
      <RootMethod Name="GetVisualStateGroups" />
    </RootType>
    <RootType FullName="Windows.UI.Xaml.Controls.RowDefinition">
      <RootProperty Name="Height" />
    </RootType>
    <RootType FullName="Windows.UI.Xaml.VisualStateGroup">
      <RootProperty Name="States" />
    </RootType>
    <RootType FullName="Windows.UI.Xaml.VisualState">
      <RootProperty Name="Storyboard" />
    </RootType>
    <RootType FullName="Windows.UI.Xaml.Media.Animation.Storyboard">
      <RootProperty Name="Children" />
      <RootMethod Name="GetTargetProperty" />
      <RootMethod Name="SetTargetProperty" />
      <RootMethod Name="GetTargetName" />
      <RootMethod Name="SetTargetName" />
    </RootType>
    <RootType FullName="Windows.UI.Xaml.Media.Animation.ObjectAnimationUsingKeyFrames">
      <RootProperty Name="KeyFrames" />
    </RootType>
    <RootType FullName="Windows.UI.Xaml.Media.Animation.DiscreteObjectKeyFrame">
      <RootProperty Name="KeyTime" />
      <RootProperty Name="Value" />
    </RootType>
    <RootType FullName="Microsoft.Xaml.Tools.DirectUI.ProxyTypes.StaticResourceExtension" />
    <RootType FullName="Windows.UI.Xaml.Controls.Border">
      <RootProperty Name="Margin" />
      <RootProperty Name="Child" />
      <RootProperty Name="VerticalAlignment" />
      <RootProperty Name="Background" />
      <RootProperty Name="BorderThickness" />
      <RootProperty Name="BorderBrush" />
      <RootProperty Name="Opacity" />
      <RootProperty Name="Name" />
      <RootProperty Name="Padding" />
      <RootProperty Name="Height" />
      <RootProperty Name="Width" />
      <RootProperty Name="Visibility" />
    </RootType>
    <RootType FullName="Microsoft.Xaml.Tools.DirectUI.ProxyTypes.TemplateBindingExtension" />
    <RootType FullName="Windows.UI.Xaml.Controls.ContentPresenter">
      <RootProperty Name="Content" />
      <RootProperty Name="Margin" />
    </RootType>
    <RootType FullName="Windows.UI.Xaml.Controls.StackPanel">
      <RootProperty Name="Margin" />
      <RootProperty Name="Children" />
      <RootProperty Name="Name" />
      <RootProperty Name="Orientation" />
      <RootProperty Name="HorizontalAlignment" />
      <RootProperty Name="VerticalAlignment" />
    </RootType>
    <RootType FullName="Windows.UI.Xaml.Controls.TextBox">
      <RootProperty Name="Name" />
      <RootProperty Name="InputScope" />
      <RootProperty Name="Text" />
      <RootProperty Name="Margin" />
    </RootType>
    <RootType FullName="Windows.UI.Xaml.Controls.ColumnDefinition">
      <RootProperty Name="Width" />
    </RootType>
    <RootType FullName="Windows.UI.Xaml.Visibility" />
    <RootType FullName="Windows.UI.Xaml.Media.Animation.DoubleAnimation">
      <RootProperty Name="Duration" />
      <RootProperty Name="To" />
      <RootProperty Name="From" />
    </RootType>
    <RootType FullName="Windows.UI.Xaml.Shapes.Path">
      <RootProperty Name="Name" />
      <RootProperty Name="Data" />
      <RootProperty Name="Fill" />
      <RootProperty Name="Opacity" />
      <RootProperty Name="Stretch" />
      <RootProperty Name="Margin" />
      <RootProperty Name="Height" />
      <RootProperty Name="Width" />
      <RootProperty Name="Visibility" />
      <RootProperty Name="HorizontalAlignment" />
      <RootProperty Name="VerticalAlignment" />
    </RootType>
    <RootType FullName="Windows.UI.Xaml.Data.Binding">
      <RootProperty Name="ElementName" />
      <RootProperty Name="Path" />
      <RootProperty Name="RelativeSource" />
      <RootProperty Name="Source" />
      <RootProperty Name="Converter" />
      <RootProperty Name="ConverterParameter" />
    </RootType>
    <RootType FullName="Windows.UI.Xaml.Controls.Button">
      <RootProperty Name="Name" />
      <RootProperty Name="Style" />
      <RootProperty Name="BorderThickness" />
      <RootProperty Name="FontSize" />
      <RootProperty Name="IsTabStop" />
      <RootProperty Name="Visibility" />
      <RootProperty Name="VerticalAlignment" />
    </RootType>
    <RootType FullName="Windows.UI.Xaml.Data.RelativeSource" />
    <RootType FullName="Windows.UI.Xaml.Shapes.Ellipse">
      <RootProperty Name="Stroke" />
      <RootProperty Name="Margin" />
      <RootProperty Name="StrokeThickness" />
      <RootProperty Name="Fill" />
      <RootProperty Name="Height" />
      <RootProperty Name="Width" />
    </RootType>
    <RootType FullName="Windows.UI.Xaml.Media.LinearGradientBrush">
      <RootProperty Name="StartPoint" />
      <RootProperty Name="EndPoint" />
      <RootProperty Name="GradientStops" />
    </RootType>
    <RootType FullName="Windows.UI.Xaml.Media.GradientStop">
      <RootProperty Name="Offset" />
      <RootProperty Name="Color" />
    </RootType>
  </Roots.RootTypes>
</Roots>
